ID;Track;Variante;Game-DLCc;NumericID
Adelaide_Historic;Adelaide;1988;Standard;-559709709
Adelaide_Modern;Adelaide;Standard;Standard;827815091
Adelaide_Modern_STT;Adelaide;STT;Adrenaline Pack Pt. 2;1565677554
Ascurra_DIRT;Ascurra;Dirt;Adrenaline Pack Pt. 1;1328659519
Ascurra_RX;Ascurra;RX;Adrenaline Pack Pt. 2;-2021270791
Azure_Circuit_2021;Azure Circuit (Monte Carlo);Standard;Standard;-1939104917
Barcelona_1991;Barcelona;1991;Historical Track Pack Pt. 2;-1976262540
Bathurst_1983;Bathurst;2020;Standard;-620880244
Bathurst_2020;Bathurst;1983;Historical Track Pack Pt. 1;1080325116
BrandsHatch_GP;Brands Hatch;Standard;Standard;1534602052
BrandsHatch_Indy;Brands Hatch;Indy;Standard;-572148012
Brasilia_Full;Brasília;Full;Standard;202837760
Brasilia_Outer;Brasília;Outer;Standard;1828328431
Buenos_Aires_Circuito_12;Buenos Aires;No. 12;Standard;799677855
Buenos_Aires_Circuito_15;Buenos Aires;No. 15;Standard;-430748509
Buenos_Aires_Circuito_6;Buenos Aires;No. 6;Standard;-1914387303
Buenos_Aires_Circuito_6T;Buenos Aires;No. 6 T;Standard;-44643975
Buenos_Aires_Circuito_7;Buenos Aires;No. 7;Standard;-1297377774
Buenos_Aires_Circuito_8;Buenos Aires;No. 8;Standard;-444279793
Buenos_Aires_Circuito_9;Buenos Aires;No. 9;Standard;325651039
Buskerud_Long;Buskerud;Long;Standard;-1786068114
Buskerud_Short;Buskerud;Short;Standard;2097280990
CadwellPark;Cadwell Park;Standard;Standard;1910889511
CampoGrande1;Campo Grande;Standard;Standard;2135405654
Cascais;Cascais;Standard;Standard;1650761166
Cascais_1988;Cascais;1988;Historical Track Pack Pt. 1;-869897529
Cascais_Alternate;Cascais;Alternate;Standard;-1015082583
Cascavel2;Cascavel;Standard;Standard;-916478809
Circuit_de_Catalunya_GP;Barcelona;GP;Premium Track Pack;788137081
Circuit_de_Catalunya_GP_NC;Barcelona;GP no chicane;Premium Track Pack;-2045930240
Circuit_de_Catalunya_NATL_NC;Barcelona;National;Premium Track Pack;-1460882916
Circuit_de_Catalunya_RX;Barcelona;RX;Adrenaline Pack Pt. 1;-1698375535
Cleveland_GP;Cleveland;GP;Racin´ USA Expansion Pack Pt. 2;-2123543761
Cleveland_STT;Cleveland;STT;Adrenaline Pack Pt. 1;706432470
CopaSaoPauloStage2;Granja Vianna;Copa São Paulo Kart Stage 2;Standard;-939269561
Cordoba_GP;Córdoba;GP;Standard;-1043857231
Cordoba_International;Córdoba;International;Standard;-1142444519
Cordoba_NATL;Córdoba;NATL;Standard;-171682166
Curitiba_outer;Curitiba;Outer;Standard;-549646259
CuritibaInternacional;Curitiba;Internacional;Standard;844082431
CurveloLong;Curvelo;Long;Standard;-923996694
CurveloShort;Curvelo;Short;Standard;-203742941
Daytona_Nascar_Road_Course;Daytona;Sports Car Course;Racin´ USA Expansion Pack Pt. 1;705412912
Daytona_Road_Course;Daytona;NASCAR Road Course;Racin´ USA Expansion Pack Pt. 1;467707118
Daytona_Speedway_Tri_Oval;Daytona;NASCAR Tri-Oval;Racin´ USA Expansion Pack Pt. 1;2054003546
Donington_GP;Donington Park;GP;Standard;1497365379
Donington_Nat;Donington Park;National;Standard;-865646115
Fontana_OVAL;Fontana;Auto Club Speedway Oval;Racin´ USA Expansion Pack Pt. 3;1602044389
Fontana_OVAL_Historic;Fontana;Oval Historic;Standard;-606500494
Fontana_SCC;Fontana;Auto Club Speedway Sports Car Course;Racin´ USA Expansion Pack Pt. 3;-1899621736
Foz_RX;Foz;Standard;Adrenaline Pack Pt. 1;-1399336065
Galeao_Airport;Galeo Airport;Standard;Standard;1674501695
Gateway_OVAL;Gateway;WWT Raceway Oval;Racin´ USA Expansion Pack Pt. 3;2044979547
Gateway_RC1;Gateway;WWT Raceway Road Course (Short);Racin´ USA Expansion Pack Pt. 3;-385022794
Gateway_RC2;Gateway;WWT Raceway Road Course (Long);Racin´ USA Expansion Pack Pt. 3;175033766
GoianiaMixed;Goiânia;Standard;Standard;-438882031
GoianiaOuter;Goiânia;External;Standard;693994049
GoianiaShort;Goiânia;Short;Standard;-916412256
GranjaVianaKart101;Granja Vianna;Kart 101;Standard;-844021865
GranjaVianaKart102;Granja Vianna;Kart 102;Standard;553029608
GranjaVianaKart121;Granja Vianna;Kart 121;Standard;1153901510
Guapore;Guaporé;Standard;Standard;2058166835
Guapore_STT;Guaporé;STT;Adrenaline Pack Pt. 1;-1949748308
Hockenheim_1977;Hockenheimring;1977;Premium Track Pack;473366003
Hockenheim_1988;Hockenheimring;1988;Premium Track Pack;534374248
Hockenheim_1988_short;Hockenheimring;1988 Short;Premium Track Pack;-543681041
Hockenheim_2001;Hockenheimring;2001;Premium Track Pack;-108270200
Hockenheim_GP;Hockenheimring;GP;Premium Track Pack;-435924753
Hockenheim_National;Hockenheimring;National;Premium Track Pack;-327427534
Hockenheim_RX;Hockenheimring;Rallycross;Adrenaline Pack Pt. 1;761864750
Hockenheim_ShortA;Hockenheimring;Short A;Premium Track Pack;239659483
Hockenheim_ShortB;Hockenheimring;Short B;Premium Track Pack;230784137
Hockenheim_STT;Hockenheimring;STT;Adrenaline Pack Pt. 1;-1567974516
Ibarra_Reverse;Ibarra;Autódromo Yahuarcocha Reverse;Standard;-676667056
Ibarra_STT;Ibarra;Autódromo Yahuarcocha STT;Adrenaline Pack Pt. 1;-254340281
Ibarra2;Ibarra;Autódromo Yahuarcocha;Standard;2111076703
Imola_GP_1972;Imola;Historic 1972;Standard;1003427592
Imola_GP_1988;Imola;Historic 1988;Standard;1544603199
Imola_GP_2001;Imola;Historic 2001;Standard;-29732804
Imola_GP_2018;Imola;Standard;Standard;731129913
Indianapolis_2022_Oval;Indianapolis;Motor Speedway Oval;Racin´ USA Expansion Pack Pt. 3;-468654879
Indianapolis_2022_RC;Indianapolis;Motor Speedway Road Course;Racin´ USA Expansion Pack Pt. 3;328837350
Interlagos_1991;Interlagos;Historic 1991;Historical Track Pack Pt. 2;930258290
Interlagos_1993;Interlagos;Historic 1993;Historical Track Pack Pt. 2;1641699173
Interlagos_GP;Interlagos;GP;Standard;-1478712571
Interlagos_Historic;Interlagos;Historic 1976;Standard;1312214486
Interlagos_Historic_Outer;Interlagos;Historic 1978 Outer;Standard;-1704124105
Interlagos_SCB;Interlagos;Stock Car Brasil;Standard;420324528
InterlagosKart1;Interlagos;Kart One;Standard;228315736
InterlagosKart2;Interlagos;Kart Two;Standard;870961348
InterlagosKart3;Interlagos;Kart Three;Standard;1869056157
Jacarepagua_2005;Jacarepaguá;Historic 2005;Standard;393495474
Jacarepagua_Historic;Jacarepaguá;Historic 1988;Standard;-89774641
Jacarepagua_OVAL;Jacarepaguá;Historic 2005 Oval;Standard;-1081969582
Jacarepagua_SCB;Jacarepaguá;Historic 2012 SCB;Standard;-467386624
Jacarepagua_SHORT;Jacarepaguá;Historic 2012 Short;Standard;1891554116
Jerez_GP1988;Jerez;Historic 1988;Historical Track Pack Pt. 1;-1548942089
Jerez_GP2019;Jerez;Chicane;Standard;1406264747
Jerez_Standard;Jerez;Moto;Standard;-1602971785
Kansai_Classic;Kansai;Classic;Standard;1035236174
Kansai_East;Kansai;East;Standard;530399487
Kansai_GP;Kansai;GP;Standard;1261622488
Kansai_West;Kansai;West;Standard;85029775
Kyalami_2019;Kyalami;Standard;Standard;2018595322
Kyalami_Historic;Kyalami;Historic 1976;Standard;-1384297883
Laguna_Seca_2020;Laguna Seca;2020;Racin’ USA Pt. 1;568559152
Le_Mans_24h;Le Mans;Circuit des 24 Heures du Mans;Circuit des 24 Heures du Mans;1060182346
Le_Mans_24h_2005;Le Mans;Circuit des 24 Heures du Mans Historic 2005;Circuit des 24 Heures du Mans;999948974
Le_Mans_Circuit_Bugatti;Le Mans;Circuit Bugatti;Circuit des 24 Heures du Mans;1446740417
Londrina_long;Londrina;Long;Standard;-1959616750
Londrina_short;Londrina;Short;Standard;-1540556268
LondrinaKart1;Londrina;Kart One;Standard;1373891276
LondrinaKart2;Londrina;Kart Two;Standard;16295271
Long_Beach;Long Beach;Standard;Standard;1731699995
Long_Beach_STT;Long Beach;STT;Adrenaline Pack Pt. 1;-1976903313
Montreal_Historic;Montreal;Historic 1988;Standard;-696853932
Montreal_Historic_1991;Montreal;Historic 1991;Historical Track Pack Pt. 2;880948150
Montreal_Modern;Montreal;Standard;Standard;-1239363445
Monza_1971;Monza;Historic 1971;Premium Track Pack;-332593300
Monza_1971_10k;Monza;Historic 1971 10k;Premium Track Pack;-2054918047
Monza_1971_10knc;Monza;Historic 1971 10k (no chicane);Premium Track Pack;612695202
Monza_1971_Junior;Monza;Historic 1971 Junior;Premium Track Pack;-1956398437
Monza_1991;Monza;Historic 1991;Premium Track Pack;1003665316
Monza_2020;Monza;Standard;Premium Track Pack;-1257095693
Monza_2020_Junior;Monza;Junior;Premium Track Pack;-2098177408
Monza_2020_STT;Monza;STT;Adrenaline Pack Pt. 1;256298636
Mosport;Mosport;Standard;IMSA Track Pack Content;868841025
Nordschleife_2020;Nürburgring;Nordschleife 2020;Premium Track Pack;884472481
Nordschleife_2020_24hr;Nürburgring;Nordschleife 24hr;Premium Track Pack;-472366150
Nordschleife_2025;Nürburgring;Nordschleife 2025;Nürburgring 2025 Pack;-1789057785
Nordschleife_2025_24hr;Nürburgring;Nordschleife 24 Hour 2025;Nürburgring 2025 Pack;-864856074
Nordschleife_2025_tourist;Nürburgring;Nordschleife Tourist 2025;Nürburgring 2025 Pack;-1841018106
Nurb_1971_Beton;Nürburgring;Betonschleife Historic 1971;Premium Track Pack;-1999809693
Nurb_1971_Gesamt;Nürburgring;Gesamtstrecke Historic 1971;Premium Track Pack;-1099915987
Nurb_1971_Nords;Nürburgring;Nordschleife Historic 1971;Premium Track Pack;399001429
Nurb_1971_Suds;Nürburgring;Südschleife Historic 1971;Premium Track Pack;199279675
Nurb_2020_RX;Nürburgring;RX;Adrenaline Pack Pt. 1;-1012344423
Nurb_GP_2020;Nürburgring;GP 2020;Premium Track Pack;899109770
Nurb_GP_2020_Sprint;Nürburgring;Sprint 2020;Premium Track Pack;1133983668
Nurb_GP_2020_Sprint_S;Nürburgring;Sprint S 2020;Premium Track Pack;1819021861
Nurb_GP_2020_Veedol;Nürburgring;Veedol 2020;Premium Track Pack;-581740816
Nurb_GP_2025;Nürburgring;GP 2025;Nürburgring 2025 Pack;-741729925
Ortona1;Ortona;Kart One;Standard;809214670
Ortona2;Ortona;Kart Two;Standard;1549441566
Ortona3;Ortona;Kart Three;Standard;-1213903939
Ortona4;Ortona;Kart Four;Standard;59749392
OultonPark_Classic;Oulton Park;Classic;Standard;-914088887
OultonPark_Fosters;Oulton Park;Fosters;Standard;-92069206
OultonPark_International;Oulton Park;International;Standard;-498735748
OultonPark_Island;Oulton Park;Island;Standard;1820168870
Pocono_OVAL;Pocono;Oval;Racin' USA Full Expansion Pack;1588462641
Pocono_RC1;Pocono;Road Course 1;Racin' USA Full Expansion Pack;234013581
Pocono_RC2;Pocono;Road Course 2;Racin' USA Full Expansion Pack;701322116
Pocono_RC3;Pocono;Road Course 3;Racin' USA Full Expansion Pack;1354845710
Pocono_RC4;Pocono;Road Course 4;Racin' USA Full Expansion Pack;776240466
Pocono_RC5;Pocono;Road Course 5;Racin' USA Full Expansion Pack;218937197
Pocono_RC6;Pocono;Road Course 6;Racin' USA Full Expansion Pack;-2071676586
Road_America_RC;Road America;Standard;Racin´ USA Expansion Pack Pt. 2;-398562049
Road_America_RCB;Road America;Bend;Racin´ USA Expansion Pack Pt. 2;372107672
Road_America_STT;Road America;STT;Adrenaline Pack Pt. 1;1508125921
Road_Atlanta;Road Atlanta;Standard;IMSA Track Pack;269355464
Road_Atlanta_2005;Road Atlanta;Historic 2005;Historical Track Pack Pt. 3;61057241
Road_Atlanta_2005_short;Road Atlanta;Historic Short;Historical Track Pack Pt. 3;-2008079786
Road_Atlanta_Moto;Road Atlanta;Moto;IMSA Track Pack;512524319
Salvador_Street_Circuit;Salvador;Street Circuit;Standard;761562120
SantaCruzDoSul;Santa Cruze;Do Sul;Standard;1932830334
Sebring;Sebring;Standard;IMSA Track Pack;1064267013
Sebring_Club;Sebring;Club;IMSA Track Pack;1655714206
Sebring_School;Sebring;School;IMSA Track Pack;21132368
Sebring_STT;Sebring;School STT;Adrenaline Pack Pt. 2;-681188758
Silverstone_1975;Silverstone;Historic 1975;Premium Track Pack;-526206945
Silverstone_1975_No_Chicane;Silverstone;Historic 1975 (no chicane);Premium Track Pack;-533867030
Silverstone_1991;Silverstone;Historic 1991;Premium Track Pack;-797317755
Silverstone_2001;Silverstone;Historic 2001;Premium Track Pack;509991425
Silverstone_2001_International;Silverstone;International Historic 2001;Premium Track Pack;1648317775
Silverstone_2001_National;Silverstone;National Historic 2001;Premium Track Pack;-507834810
Silverstone_GP;Silverstone;GP;Premium Track Pack;-931849903
Silverstone_Intl_2019;Silverstone;International 2019;Premium Track Pack;964004535
Silverstone_Natl_2019;Silverstone;National 2019;Premium Track Pack;-1061474453
Snetterton_100;Snetterton;100;Standard;-1470317805
Snetterton_200;Snetterton;200;Standard;-1338478783
Snetterton_300;Snetterton;300;Standard;987592900
Spa_Francorchamps_1970;Spa-Francorchamps;1970;Premium Track Pack;-1736505524
Spa_Francorchamps_1970_1000km;Spa-Francorchamps;1970 1000km;Premium Track Pack;1170932587
Spa_Francorchamps_1993;Spa-Francorchamps;1993;Premium Track Pack;1283905272
Spa_Francorchamps_2005;Spa-Francorchamps;2005;Premium Track Pack;-1017131847
Spa_Francorchamps_2005_EC;Spa-Francorchamps;2005 EC;Premium Track Pack;797987967
Spa_Francorchamps_2020;Spa-Francorchamps;2020;Premium Track Pack;-1262750090
Spa_Francorchamps_2022;Spa-Francorchamps;2022;Spa-Francorchamps Pack;775712153
Spa_Francorchamps_2022_RX;Spa-Francorchamps;RX;Spa-Francorchamps Pack;-1531498465
Speedland1;Speedland;Kart 1;Standard;756011139
Speedland2;Speedland;Kart 2;Standard;-588458518
Speedland3;Speedland;Kart 3;Standard;-327486946
Speedland4;Speedland;Kart 4;Standard;-1941017299
Spielberg_Historic;Spielberg (Red Bull Ring);Historic;Standard;-100668052
Spielberg_Modern;Spielberg (Red Bull Ring);Standard;Standard;735562025
Spielberg_Short;Spielberg (Red Bull Ring);Short;Standard;1819432538
Spielberg_STT;Spielberg (Red Bull Ring);Short STT;Adrenaline Pack Pt. 2;1524591075
Spielberg_Vintage;Spielberg (Red Bull Ring);Historic 1977;Standard;-213305159
Taruma_Chicane;Taruma;Chicane;Standard;-108853074
Taruma_Internacional;Taruma;Internacional;Standard;2074495683
Termas_Rio_Hondo;Termas de Río Hondo;Standard;Standard;163877389
Tykki_DIRT1;Tykki;Dirt 1;Adrenaline Pack Pt. 1;779269607
Tykki_DIRT2;Tykki;Dirt 2;Adrenaline Pack Pt. 1;-1929604728
Tykki_RX;Tykki;RX;Adrenaline Pack Pt. 1;1637229097
Tykki_Tarmac;Tykki;Tarmac;Adrenaline Pack Pt. 1;-1627472795
VeloCitta1;Velo Città;Standard;Standard;1882187011
VeloCittaClubDay;Velo Città;Club Day;Standard;1956507207
VeloCittaTD;Velo Città;Track Day;Standard;1557615576
Velopark_2010;Velopark;2010;Standard;193535285
Velopark_2017;Velopark;2017;Standard;-1642426225
Velopark_2017_STT;Velopark;2017 STT;Adrenaline Pack Pt. 2;-1732031247
Virginia_Full;Virginia (VIR);Full;Standard;1063112912
Virginia_Grand;Virginia (VIR);Grand;Standard;-1592912773
Virginia_North;Virginia (VIR);North;Standard;2134032188
Virginia_Patriot;Virginia (VIR);Patriot;Standard;1284894334
Virginia_South;Virginia (VIR);South;Standard;-1235504884
Watkins_Glen_GP;Watkins Glen;GP;Racin´ USA Expansion Pack Pt. 2;-875185854
Watkins_Glen_GPIL;Watkins Glen;GP Inner Loop;Racin´ USA Expansion Pack Pt. 2;-191952188
Watkins_Glen_S;Watkins Glen;Short;Racin´ USA Expansion Pack Pt. 2;2035789624
Watkins_Glen_SIL;Watkins Glen;Short Inner Loop;Racin´ USA Expansion Pack Pt. 2;-619438500
Watkins_Glen_STT;Watkins Glen;Short Inner Loop STT;Racin´ USA Expansion Pack Pt. 2;1836425306
Barcelona_GP_1999;Barcelona;GP 1999;Historical Track Pack Pt4;-123933393
Barcelona_GP_2001;Barcelona;GP 2001;Historical Track Pack Pt4;-807437289
Hungaroring_GP_2025;Hungaroring;GP 2025;Hungaroring;-1299546486
Imola_GP_2005;Imola;GP 2025;Historical Track Pack Pt4;533874158
Indianapolis_2001_Oval;Indianapolis;2001 Oval;Historical Track Pack Pt4;613230187
Indianapolis_2001_RC;Indianapolis;Road Course 2001;Historical Track Pack Pt4;1326349095
Monza_2005;Monza;2005;Premium Track Pack;421674434
Spielberg_2001;Spielberg;(Red Bull Ring) 2001;Historical Track Pack Pt4;-407158417